Date,Price
14-Mar-19,3948.5
13-Mar-19,3947.9
12-Mar-19,3954.1
11-Mar-19,3949
10-Mar-19,4000
09-Mar-19,4017.33
08-Mar-19,3940.5
07-Mar-19,3964.7
06-Mar-19,3951.4
05-Mar-19,3951.6
04-Mar-19,3800
03-Mar-19,3884.8
02-Mar-19,3913
01-Mar-19,3914
28-Feb-19,3894
27-Feb-19,3902.7
26-Feb-19,3896.8
25-Feb-19,3921.8
24-Feb-19,3832
23-Feb-19,4211.7
22-Feb-19,4058.3
21-Feb-19,4008.8
20-Feb-19,4055
19-Feb-19,3989.9
18-Feb-19,3978.1
17-Feb-19,3734.5
16-Feb-19,3676.45
15-Feb-19,3670
14-Feb-19,3656.7
13-Feb-19,3666.1
12-Feb-19,3694.2
11-Feb-19,3681.08
10-Feb-19,3746.3
09-Feb-19,3718.4
08-Feb-19,3724
07-Feb-19,3436.1
06-Feb-19,3452
05-Feb-19,3512.6
04-Feb-19,3490.47
03-Feb-19,3501.7
02-Feb-19,3564.3
01-Feb-19,3536.2
31-Jan-19,3501.1
30-Jan-19,3529.6
29-Jan-19,3477.9
28-Jan-19,3501.89
27-Jan-19,3597.1
26-Jan-19,3630.7
25-Jan-19,3628.9
24-Jan-19,3652.6
23-Jan-19,3619.91
22-Jan-19,3639.1
21-Jan-19,3579.4
20-Jan-19,3586.1
19-Jan-19,3762.3
18-Jan-19,3675.7
17-Jan-19,3723
16-Jan-19,3671.2
15-Jan-19,3656.5
14-Jan-19,3749.3
13-Jan-19,3591
12-Jan-19,3702
11-Jan-19,3716.1
10-Jan-19,3712.8
09-Jan-19,4083.2
08-Jan-19,4100
07-Jan-19,4113.9
06-Jan-19,4171.5
05-Jan-19,3911
04-Jan-19,3954.9
03-Jan-19,3923.2
02-Jan-19,4048.5
01-Jan-19,3963.05
31-Dec-18,3830.5
30-Dec-18,3978.3
29-Dec-18,3887
28-Dec-18,4036.7
27-Dec-18,3714.7
26-Dec-18,3929.8
25-Dec-18,3909.7
24-Dec-18,4145.2
23-Dec-18,4075.7
22-Dec-18,4135
21-Dec-18,3976.1
20-Dec-18,4214.5
19-Dec-18,3810
18-Dec-18,3780.1
17-Dec-18,3625.1
16-Dec-18,3299.9
15-Dec-18,3285.1
14-Dec-18,3282.8
13-Dec-18,3354.4
12-Dec-18,3535.6
11-Dec-18,3435.29
10-Dec-18,3524.9
09-Dec-18,3639.6
08-Dec-18,3506
07-Dec-18,3460
06-Dec-18,3531.3
05-Dec-18,3765.3
04-Dec-18,3981.9
03-Dec-18,3901.2
02-Dec-18,4159.7
01-Dec-18,4243
30-Nov-18,4038.3
29-Nov-18,4312.9
28-Nov-18,4306.34
27-Nov-18,3884.4
26-Nov-18,3858
25-Nov-18,4087.8
24-Nov-18,3929.8
23-Nov-18,4422.7
22-Nov-18,4392.4
21-Nov-18,4666.6
20-Nov-18,4600.1
19-Nov-18,4938.1
18-Nov-18,5659.4
17-Nov-18,5626.7
16-Nov-18,5660.5
15-Nov-18,5753.4
14-Nov-18,5884.6
13-Nov-18,6464.4
12-Nov-18,6446.9
11-Nov-18,6450
10-Nov-18,6431.1
09-Nov-18,6420.2
08-Nov-18,6479.6
07-Nov-18,6572.7
06-Nov-18,6515.2
05-Nov-18,6470.1
04-Nov-18,6485.2
03-Nov-18,6387.88
02-Nov-18,6426.9
01-Nov-18,6399.7
31-Oct-18,6368.39
30-Oct-18,6330.1
29-Oct-18,6344
28-Oct-18,6490.1
27-Oct-18,6500.2
26-Oct-18,6531.5
25-Oct-18,6528.1
24-Oct-18,6554.1
23-Oct-18,6550
22-Oct-18,6567.22
21-Oct-18,6591.6
20-Oct-18,6586.7
19-Oct-18,6527.3
18-Oct-18,6613
17-Oct-18,6737.1
16-Oct-18,6754.1
15-Oct-18,6742
14-Oct-18,6335.2
13-Oct-18,6326.5
12-Oct-18,6293.2
11-Oct-18,6252
10-Oct-18,6630.2
09-Oct-18,6663
08-Oct-18,6673.2
07-Oct-18,6601
06-Oct-18,6592
05-Oct-18,6644.7
04-Oct-18,6580.08
03-Oct-18,6503.2
02-Oct-18,6533.3
01-Oct-18,6601.9
30-Sep-18,6618.1
29-Sep-18,6604.6
28-Sep-18,6635.1
27-Sep-18,6692.5
26-Sep-18,6462.39
25-Sep-18,6434.7
24-Sep-18,6585
23-Sep-18,6710
22-Sep-18,6723
21-Sep-18,6762.7
20-Sep-18,6500.49
19-Sep-18,6390.9
18-Sep-18,6342.76
17-Sep-18,6254.2
16-Sep-18,6498.5
15-Sep-18,6513.6
14-Sep-18,6485
13-Sep-18,6475.6
12-Sep-18,6332
11-Sep-18,6290.8
10-Sep-18,6308
09-Sep-18,6239.9
08-Sep-18,6185
07-Sep-18,6404.1
06-Sep-18,6515.6
05-Sep-18,6710.5
04-Sep-18,7358.9
03-Sep-18,7268
02-Sep-18,7290.4
01-Sep-18,7197.47
31-Aug-18,7025.9
30-Aug-18,6994.7
29-Aug-18,7045.7
28-Aug-18,7079.7
27-Aug-18,6909.5
26-Aug-18,6708.43
25-Aug-18,6732.9
24-Aug-18,6695.9
23-Aug-18,6527.2
22-Aug-18,6354.9
21-Aug-18,6479.1
20-Aug-18,6255.9
19-Aug-18,6485.13
18-Aug-18,6391.2
17-Aug-18,6583.3
16-Aug-18,6314
15-Aug-18,6270.1
14-Aug-18,6189
13-Aug-18,6251.9
12-Aug-18,6313.9
11-Aug-18,6232.7
10-Aug-18,6146.8
09-Aug-18,6529.1
08-Aug-18,6279.2
07-Aug-18,6720.5
06-Aug-18,6941.3
05-Aug-18,7025.8
04-Aug-18,7013.22
03-Aug-18,7420
02-Aug-18,7535.2
01-Aug-18,7608.8
31-Jul-18,7730.6
30-Jul-18,8179.6
29-Jul-18,8221
28-Jul-18,8246.4
27-Jul-18,8185.7
26-Jul-18,7939
25-Jul-18,8176
24-Jul-18,8394.5
23-Jul-18,7719.8
22-Jul-18,7400.5
21-Jul-18,7403.3
20-Jul-18,7333.1
19-Jul-18,7473.5
18-Jul-18,7379.4
17-Jul-18,7319.8
16-Jul-18,6729.2
15-Jul-18,6347.2
14-Jul-18,6250.1
13-Jul-18,6220
12-Jul-18,6249
11-Jul-18,6377.8
10-Jul-18,6301.5
09-Jul-18,6666.7
08-Jul-18,6707
07-Jul-18,6761.7
06-Jul-18,6602.1
05-Jul-18,6540.2
04-Jul-18,6590
03-Jul-18,6500
02-Jul-18,6581.3
01-Jul-18,6349.7
30-Jun-18,6391.5
29-Jun-18,6208.1
28-Jun-18,5850
27-Jun-18,6133.09
26-Jun-18,6078.5
25-Jun-18,6246.6
24-Jun-18,6148.04
23-Jun-18,6152
22-Jun-18,6042.6
21-Jun-18,6713.5
20-Jun-18,6760.4
19-Jun-18,6737.5
18-Jun-18,6709.2
17-Jun-18,6435.7
16-Jun-18,6485.9
15-Jun-18,6385
14-Jun-18,6633.7
13-Jun-18,6295.2
12-Jun-18,6543.9
11-Jun-18,6873.3
10-Jun-18,6757.3
09-Jun-18,7498.6
08-Jun-18,7615.1
07-Jun-18,7688.9
06-Jun-18,7654
05-Jun-18,7621.7
04-Jun-18,7488.3
03-Jun-18,7718.02
02-Jun-18,7638.1
01-Jun-18,7521
31-May-18,7485.8
30-May-18,7375.12
29-May-18,7460
28-May-18,7097.9
27-May-18,7339.7
26-May-18,7330.3
25-May-18,7458
24-May-18,7576.7
23-May-18,7494.8
22-May-18,7977.3
21-May-18,8393.4
20-May-18,8523.7
19-May-18,8232.3
18-May-18,8239
17-May-18,8051.8
16-May-18,8336.1
15-May-18,8467.5
14-May-18,8670.8
13-May-18,8683.6
12-May-18,8462.7
11-May-18,8412.4
10-May-18,9018.7
09-May-18,9318.2
08-May-18,9184.7
07-May-18,9370
06-May-18,9658.7
05-May-18,9859.6
04-May-18,9702.8
03-May-18,9762.1
02-May-18,9236.4
01-May-18,9067
30-Apr-18,9240
29-Apr-18,9398.6
28-Apr-18,9345.3
27-Apr-18,8920.1
26-Apr-18,9279.3
25-Apr-18,8878.4
24-Apr-18,9644.4
23-Apr-18,8940
22-Apr-18,8800
21-Apr-18,8919.1
20-Apr-18,8866.1
19-Apr-18,8272.8
18-Apr-18,8166.3
17-Apr-18,7889.9
16-Apr-18,8056.2
15-Apr-18,8354.1
14-Apr-18,8002.9
13-Apr-18,7885.8
12-Apr-18,7912
11-Apr-18,6943.1
10-Apr-18,6839.3
09-Apr-18,6764.6
08-Apr-18,7023.9
07-Apr-18,6892.6
06-Apr-18,6610.2
05-Apr-18,6765
04-Apr-18,6785.9
03-Apr-18,7405.6
02-Apr-18,7052.7
01-Apr-18,6810
31-Mar-18,6925.3
30-Mar-18,6840.4
29-Mar-18,7094
28-Mar-18,7936.1
27-Mar-18,7784.5
26-Mar-18,8119.1
25-Mar-18,8445.1
24-Mar-18,8535
23-Mar-18,8908
22-Mar-18,8706.44
21-Mar-18,8900.1
20-Mar-18,8899.7
19-Mar-18,8600.1
18-Mar-18,8200.2
17-Mar-18,7851
16-Mar-18,8251
15-Mar-18,8252.9
14-Mar-18,8186.6
13-Mar-18,9135
12-Mar-18,9121
11-Mar-18,9528
10-Mar-18,8762
09-Mar-18,9217
08-Mar-18,9300
07-Mar-18,9902.9
06-Mar-18,10720
05-Mar-18,11416
04-Mar-18,11501
03-Mar-18,11440
02-Mar-18,11025
01-Mar-18,10925
28-Feb-18,10315
27-Feb-18,10569
26-Feb-18,10321
25-Feb-18,9557.4
24-Feb-18,9666.3
23-Feb-18,10145
22-Feb-18,9830
21-Feb-18,10455
20-Feb-18,11218
19-Feb-18,11173
18-Feb-18,10372
17-Feb-18,11053.46
16-Feb-18,10162
15-Feb-18,9996.9
14-Feb-18,9455.4
13-Feb-18,8515.9
12-Feb-18,8900.6
11-Feb-18,8069
10-Feb-18,8563.1
09-Feb-18,8683.2
08-Feb-18,8235.1
07-Feb-18,7587
06-Feb-18,7673.8
05-Feb-18,6949.9
04-Feb-18,8200
03-Feb-18,9219.4
02-Feb-18,8895.8
01-Feb-18,9181.1
31-Jan-18,10284
30-Jan-18,10175
29-Jan-18,11212
28-Jan-18,11839
27-Jan-18,11461
26-Jan-18,11070
25-Jan-18,11146
24-Jan-18,11414
23-Jan-18,10819
22-Jan-18,10771
21-Jan-18,11514
20-Jan-18,12728
19-Jan-18,11476
18-Jan-18,11045
17-Jan-18,11082
16-Jan-18,11072
15-Jan-18,13575
14-Jan-18,13558
13-Jan-18,14191
12-Jan-18,13783
11-Jan-18,13266
10-Jan-18,14896
09-Jan-18,14423
08-Jan-18,14930
07-Jan-18,16196
06-Jan-18,17161
05-Jan-18,16917
04-Jan-18,15160
03-Jan-18,15155
02-Jan-18,14709.82
01-Jan-18,13354
31-Dec-17,13800
30-Dec-17,12377
29-Dec-17,14317
28-Dec-17,14315
27-Dec-17,15374
26-Dec-17,15679
25-Dec-17,13623
24-Dec-17,13476
23-Dec-17,14035
22-Dec-17,13170
21-Dec-17,15666.83
20-Dec-17,16425
19-Dec-17,17345
18-Dec-17,18934
17-Dec-17,18971
16-Dec-17,19187
15-Dec-17,17522
14-Dec-17,16383
13-Dec-17,16181
12-Dec-17,16967
11-Dec-17,16754
10-Dec-17,14997
09-Dec-17,14660
08-Dec-17,15869
07-Dec-17,16601
06-Dec-17,13527
05-Dec-17,11595
04-Dec-17,11595
03-Dec-17,11157
02-Dec-17,10881
01-Dec-17,10869
30-Nov-17,9907
29-Nov-17,9749.4
28-Nov-17,9898
27-Nov-17,9728.8
26-Nov-17,9316
25-Nov-17,8766.2
24-Nov-17,8191.6
23-Nov-17,7977.1
22-Nov-17,8230.1
21-Nov-17,8097.3
20-Nov-17,8245.1
19-Nov-17,8054.2
18-Nov-17,7773.3
17-Nov-17,7677.9
16-Nov-17,7864.2
15-Nov-17,7278.3
14-Nov-17,6579.2
13-Nov-17,6474.6
12-Nov-17,5822.1
11-Nov-17,6300.7
10-Nov-17,6542.2
09-Nov-17,7126.2
08-Nov-17,7442.4
07-Nov-17,7103.3
06-Nov-17,6955
05-Nov-17,7382
04-Nov-17,7369
03-Nov-17,7278.4
02-Nov-17,7019.9
01-Nov-17,6727.3
31-Oct-17,6458.3
30-Oct-17,6125.3
29-Oct-17,6156
28-Oct-17,5720.6
27-Oct-17,5759.6
26-Oct-17,5890
25-Oct-17,5720
24-Oct-17,5509.5
23-Oct-17,5906.9
22-Oct-17,5980.5
21-Oct-17,6005.1
20-Oct-17,5984.5
19-Oct-17,5694
18-Oct-17,5565
17-Oct-17,5597.1
16-Oct-17,5764.4
15-Oct-17,5698.6
14-Oct-17,5835
13-Oct-17,5636.8
12-Oct-17,5428.5
11-Oct-17,4824.9
10-Oct-17,4777
09-Oct-17,4782.3
08-Oct-17,4613.1
07-Oct-17,4436
06-Oct-17,4371
05-Oct-17,4315.4
04-Oct-17,4215.1
03-Oct-17,4311.1
02-Oct-17,4400.1
01-Oct-17,4404.3
30-Sep-17,4367
29-Sep-17,4169.9
28-Sep-17,4190
27-Sep-17,4205.4
26-Sep-17,3879.1
25-Sep-17,3930
24-Sep-17,3652.8
23-Sep-17,3779.6
22-Sep-17,3598.5
21-Sep-17,3603.4
20-Sep-17,3873.2
19-Sep-17,3900
18-Sep-17,4084.1
17-Sep-17,3666.3
16-Sep-17,3685.4
15-Sep-17,3698
14-Sep-17,3238.1
13-Sep-17,3849.7
12-Sep-17,4142.9
11-Sep-17,4203
10-Sep-17,4232.1
09-Sep-17,4317.9
08-Sep-17,4305.8
07-Sep-17,4613.5
06-Sep-17,4589.1
05-Sep-17,4374.9
04-Sep-17,4200.4
03-Sep-17,4595
02-Sep-17,4534.4
01-Sep-17,4904.9
31-Aug-17,4718.2
30-Aug-17,4569
29-Aug-17,4587.1
28-Aug-17,4383.8
27-Aug-17,4331.8
26-Aug-17,4341.7
25-Aug-17,4351.5
24-Aug-17,4325.2
23-Aug-17,4129.1
22-Aug-17,4074
21-Aug-17,4002.5
20-Aug-17,4064.3
19-Aug-17,4145.1
18-Aug-17,4090.2
17-Aug-17,4260
16-Aug-17,4386.3
15-Aug-17,4151.9
14-Aug-17,4319.5
13-Aug-17,4053.3
12-Aug-17,3865.5
11-Aug-17,3644.1
10-Aug-17,3407.9
09-Aug-17,3339.9
08-Aug-17,3415
07-Aug-17,3396.7
06-Aug-17,3227.9
05-Aug-17,3256.4
04-Aug-17,2860
03-Aug-17,2790.3
02-Aug-17,2702
01-Aug-17,2731.2
31-Jul-17,2856
30-Jul-17,2749
29-Jul-17,2714.1
28-Jul-17,2784.8
27-Jul-17,2664.9
26-Jul-17,2525.7
25-Jul-17,2560.9
24-Jul-17,2769.7
23-Jul-17,2747.5
22-Jul-17,2845.7
21-Jul-17,2664
20-Jul-17,2856.3
19-Jul-17,2253.1
18-Jul-17,2302.1
17-Jul-17,2219
16-Jul-17,1924.9
15-Jul-17,1978.6
14-Jul-17,2205.1
13-Jul-17,2329
12-Jul-17,2374.4
11-Jul-17,2282.1
10-Jul-17,2318.3
09-Jul-17,2478
08-Jul-17,2542
07-Jul-17,2479.3
06-Jul-17,2593.1
05-Jul-17,2598.5
04-Jul-17,2582.6
03-Jul-17,2524
02-Jul-17,2445
01-Jul-17,2349.5
30-Jun-17,2420.7
29-Jun-17,2470.1
28-Jun-17,2518.2
27-Jun-17,2521.2
26-Jun-17,2394.6
25-Jun-17,2477.7
24-Jun-17,2502.6
23-Jun-17,2674.9
22-Jun-17,2672.8
21-Jun-17,2621.2
20-Jun-17,2712.2
19-Jun-17,2580.8
18-Jun-17,2491.5
17-Jun-17,2610
16-Jun-17,2437
15-Jun-17,2377.4
14-Jun-17,2395.04
13-Jun-17,2676.4
12-Jun-17,2571.8
11-Jun-17,2936.3
10-Jun-17,2806
09-Jun-17,2809
08-Jun-17,2782.1
07-Jun-17,2642.63
06-Jun-17,2843.6
05-Jun-17,2636.2
04-Jun-17,2488.2
03-Jun-17,2461
02-Jun-17,2405.88
01-Jun-17,2311.6
31-May-17,2191.83
30-May-17,2146.7
29-May-17,2207.4
28-May-17,2056.6
27-May-17,1972.3
26-May-17,2127.3
25-May-17,2252
24-May-17,2394.8
23-May-17,2249.3
22-May-17,2085.5
21-May-17,2029.2
20-May-17,2059.7
19-May-17,1966.5
18-May-17,1941.5
17-May-17,1870
16-May-17,1785.7
15-May-17,1772.5
14-May-17,1828.1
13-May-17,1820.4
12-May-17,1735
11-May-17,1853.9
10-May-17,1796.8
09-May-17,1760
08-May-17,1703.2
07-May-17,1619.9
06-May-17,1597.1
05-May-17,1545.1
04-May-17,1607.1
03-May-17,1617.8
02-May-17,1560
01-May-17,1533.1
30-Apr-17,1435.2
29-Apr-17,1423.6
28-Apr-17,1415.6
27-Apr-17,1440.3
26-Apr-17,1399.3
25-Apr-17,1370.3
24-Apr-17,1345
23-Apr-17,1355.2
22-Apr-17,1347.5
21-Apr-17,1325.6
20-Apr-17,1308.4
19-Apr-17,1260.5
18-Apr-17,1265.4
17-Apr-17,1240
16-Apr-17,1212
15-Apr-17,1193.3
14-Apr-17,1206.8
13-Apr-17,1187
12-Apr-17,1227.4
11-Apr-17,1235.6
10-Apr-17,1220.3
09-Apr-17,1215.9
08-Apr-17,1188.1
07-Apr-17,1196.6
06-Apr-17,1191.5
05-Apr-17,1140.6
04-Apr-17,1145
03-Apr-17,1150.2
02-Apr-17,1107.6
01-Apr-17,1093.2
31-Mar-17,1081.7
30-Mar-17,1041
29-Mar-17,1041.8
28-Mar-17,1044.7
27-Mar-17,1042.7
26-Mar-17,969
25-Mar-17,972.17
24-Mar-17,943.1
23-Mar-17,1033
22-Mar-17,1039.1
21-Mar-17,1115
20-Mar-17,1039
19-Mar-17,1016.1
18-Mar-17,971
17-Mar-17,1068.4
16-Mar-17,1169
15-Mar-17,1256.1
14-Mar-17,1245
13-Mar-17,1238.5
12-Mar-17,1225.2
11-Mar-17,1172.8
10-Mar-17,1113.6
09-Mar-17,1190.4
08-Mar-17,1149.3
07-Mar-17,1232.4
06-Mar-17,1279.3
05-Mar-17,1278.4
04-Mar-17,1267.8
03-Mar-17,1288.2
02-Mar-17,1262.3
01-Mar-17,1232.8
28-Feb-17,1189.1
27-Feb-17,1195.5
26-Feb-17,1178.3
25-Feb-17,1153
24-Feb-17,1185.1
23-Feb-17,1190.9
22-Feb-17,1125.3
21-Feb-17,1129.6
20-Feb-17,1091.2
19-Feb-17,1056.2
18-Feb-17,1059.8
17-Feb-17,1056.2
16-Feb-17,1038.4
15-Feb-17,1013.8
14-Feb-17,1013.7
13-Feb-17,996.5
12-Feb-17,996.01
11-Feb-17,1000.3
10-Feb-17,992
09-Feb-17,984.97
08-Feb-17,1048.8
07-Feb-17,1052.1
06-Feb-17,1022.6
05-Feb-17,1006.6
04-Feb-17,1031.1
03-Feb-17,1015.7
02-Feb-17,1005.7
01-Feb-17,983.73
31-Jan-17,966.19
30-Jan-17,917.36
29-Jan-17,912.56
28-Jan-17,919.43
27-Jan-17,916.7
26-Jan-17,915.12
25-Jan-17,893.35
24-Jan-17,886.1
23-Jan-17,910.03
22-Jan-17,923.72
21-Jan-17,924.02
20-Jan-17,895.96
19-Jan-17,900.29
18-Jan-17,887.76
17-Jan-17,903.99
16-Jan-17,830.1
15-Jan-17,820.74
14-Jan-17,815.3
13-Jan-17,828.12
12-Jan-17,804.58
11-Jan-17,778.58
10-Jan-17,905.76
09-Jan-17,903
08-Jan-17,915.9
07-Jan-17,908.84
06-Jan-17,898
05-Jan-17,1003.2
04-Jan-17,1139.6
03-Jan-17,1037.5
02-Jan-17,1019.3
01-Jan-17,998.99
31-Dec-16,966.58
30-Dec-16,959.26
29-Dec-16,972.63
28-Dec-16,981.7
27-Dec-16,936.32
26-Dec-16,906.4
25-Dec-16,897.99
24-Dec-16,895.24
23-Dec-16,918.99
22-Dec-16,859.2
21-Dec-16,829.99
20-Dec-16,797.99
19-Dec-16,790.59
18-Dec-16,790.21
17-Dec-16,790.99
16-Dec-16,784.17
15-Dec-16,777.43
14-Dec-16,774.49
13-Dec-16,775
12-Dec-16,777.99
11-Dec-16,770.21
10-Dec-16,772.9
09-Dec-16,770.5
08-Dec-16,765.01
07-Dec-16,765.01
06-Dec-16,757.36
05-Dec-16,750.62
04-Dec-16,768.5
03-Dec-16,765.27
02-Dec-16,774.91
01-Dec-16,755.36
30-Nov-16,739
29-Nov-16,731.05
28-Nov-16,731.52
27-Nov-16,724.99
26-Nov-16,731.19
25-Nov-16,740.36
24-Nov-16,737.68
23-Nov-16,741.99
22-Nov-16,750.05
21-Nov-16,738.99
20-Nov-16,729.67
19-Nov-16,752.9
18-Nov-16,753.97
17-Nov-16,740.67
16-Nov-16,744.99
15-Nov-16,712.17
14-Nov-16,707.43
31-Oct-16,704.09
30-Oct-16,702.55
29-Oct-16,714.51
28-Oct-16,693.47
27-Oct-16,688.67
26-Oct-16,678.7
25-Oct-16,659.52
24-Oct-16,654.65
23-Oct-16,659.03
22-Oct-16,664.99
21-Oct-16,636.73
20-Oct-16,632.46
19-Oct-16,631.77
18-Oct-16,638.8
17-Oct-16,639.79
16-Oct-16,644.17
15-Oct-16,640.2
14-Oct-16,643
13-Oct-16,637.01
12-Oct-16,637.63
11-Oct-16,641.74
10-Oct-16,618.87
09-Oct-16,616.56
08-Oct-16,620.5
07-Oct-16,620.13
06-Oct-16,613.51
05-Oct-16,614.09
04-Oct-16,610.98
03-Oct-16,612.57
02-Oct-16,609.09
01-Oct-16,614.09
30-Sep-16,611.1
29-Sep-16,604.6
28-Sep-16,603.76
27-Sep-16,605.53
26-Sep-16,609.14
25-Sep-16,600.36
24-Sep-16,602.55
23-Sep-16,603.29
22-Sep-16,597.08
21-Sep-16,597.43
20-Sep-16,600.05
19-Sep-16,609.79
18-Sep-16,613.03
17-Sep-16,607.69
16-Sep-16,610.01
15-Sep-16,611.81
14-Sep-16,613.88
13-Sep-16,614.23
12-Sep-16,611.62
11-Sep-16,612.08
10-Sep-16,628
09-Sep-16,626.25
08-Sep-16,631.73
07-Sep-16,619.75
06-Sep-16,615.23
05-Sep-16,611.5
04-Sep-16,614.52
03-Sep-16,609.89
02-Sep-16,579.85
01-Sep-16,572.73
31-Aug-16,576.15
30-Aug-16,579.49
29-Aug-16,574.78
28-Aug-16,574.17
27-Aug-16,568.55
26-Aug-16,578.01
25-Aug-16,577.2
24-Aug-16,580.32
23-Aug-16,583.54
22-Aug-16,588.01
21-Aug-16,581.42
20-Aug-16,582.01
19-Aug-16,573.5
18-Aug-16,572.21
17-Aug-16,571.83
16-Aug-16,574.24
15-Aug-16,564.64
14-Aug-16,569.44
13-Aug-16,583.73
12-Aug-16,585.5
11-Aug-16,591.27
10-Aug-16,590.28
09-Aug-16,604.1
08-Aug-16,604.1
07-Aug-16,604.1
06-Aug-16,604.56
05-Aug-16,604
04-Aug-16,604
03-Aug-16,604
02-Aug-16,604
01-Aug-16,607.99
31-Jul-16,623.67
30-Jul-16,654.99
29-Jul-16,658.34
27-Jul-16,654.51
26-Jul-16,648.47
25-Jul-16,654.17
24-Jul-16,661.82
23-Jul-16,654.03
22-Jul-16,648.04
21-Jul-16,665.01
20-Jul-16,665.85
19-Jul-16,675
18-Jul-16,674.3
17-Jul-16,683.2
16-Jul-16,665.33
15-Jul-16,665.5
14-Jul-16,659.78
13-Jul-16,653.7
12-Jul-16,667.19
11-Jul-16,647.95
10-Jul-16,649.72
09-Jul-16,648.11
08-Jul-16,664.8
07-Jul-16,640.51
06-Jul-16,677.04
05-Jul-16,667.76
04-Jul-16,681.34
03-Jul-16,659.29
02-Jul-16,705.04
01-Jul-16,674.75
30-Jun-16,674.74
29-Jun-16,639.68
28-Jun-16,646.3
27-Jun-16,662.2
26-Jun-16,627.42
25-Jun-16,664.87
24-Jun-16,666.05
23-Jun-16,625.8
22-Jun-16,606.02
21-Jun-16,668.88
20-Jun-16,743.9
19-Jun-16,767.3
18-Jun-16,757.6
17-Jun-16,748.66
16-Jun-16,769.45
15-Jun-16,696.88
14-Jun-16,684.51
13-Jun-16,705.88
12-Jun-16,671
11-Jun-16,614.52
10-Jun-16,580.08
09-Jun-16,575.52
08-Jun-16,583.05
07-Jun-16,576.88
06-Jun-16,585.22
05-Jun-16,574
04-Jun-16,572.67
03-Jun-16,570.87
02-Jun-16,538.8
01-Jun-16,536.79
31-May-16,530.69
30-May-16,532.89
29-May-16,531
28-May-16,527.01
27-May-16,472.03
26-May-16,453.95
25-May-16,449.06
24-May-16,445.03
23-May-16,443.66
22-May-16,437.48
21-May-16,440.81
20-May-16,441.57
19-May-16,435
18-May-16,453.51
17-May-16,453.24
16-May-16,453
15-May-16,457.89
14-May-16,455.8
13-May-16,455.77
12-May-16,455
11-May-16,452.28
10-May-16,450.7
09-May-16,461.56
08-May-16,459.87
07-May-16,460.2
06-May-16,461.18
05-May-16,448.4
04-May-16,447.38
03-May-16,450.39
02-May-16,443.73
01-May-16,451.11
30-Apr-16,446.6
29-Apr-16,455.32
28-Apr-16,450.46
27-Apr-16,445.09
26-Apr-16,468.14
25-Apr-16,461.77
24-Apr-16,463.01
23-Apr-16,453.69
22-Apr-16,447.8
21-Apr-16,452.03
20-Apr-16,443.95
19-Apr-16,437.76
18-Apr-16,430.04
17-Apr-16,428.51
16-Apr-16,432.04
15-Apr-16,431.48
14-Apr-16,426.01
13-Apr-16,424.75
12-Apr-16,426.59
11-Apr-16,423.74
10-Apr-16,421.32
09-Apr-16,418.47
08-Apr-16,418.5
07-Apr-16,422.28
06-Apr-16,422.57
05-Apr-16,423.75
04-Apr-16,420.46
03-Apr-16,420.6
02-Apr-16,420.3
01-Apr-16,417.56
31-Mar-16,416.02
30-Mar-16,413.2
29-Mar-16,415.81
28-Mar-16,424.06
27-Mar-16,427.37
26-Mar-16,416.71
25-Mar-16,416
24-Mar-16,415.3
23-Mar-16,418.12
22-Mar-16,417.69
21-Mar-16,411.88
20-Mar-16,411.25
19-Mar-16,408.41
18-Mar-16,407.7
17-Mar-16,418.75
16-Mar-16,417.28
15-Mar-16,415.5
14-Mar-16,415.99
13-Mar-16,411.82
12-Mar-16,410.01
11-Mar-16,420.49
10-Mar-16,416.51
09-Mar-16,412.94
08-Mar-16,411.35
07-Mar-16,412.7
06-Mar-16,403.91
05-Mar-16,397.36
04-Mar-16,408.82
03-Mar-16,420.56
02-Mar-16,422.22
01-Mar-16,434.82
29-Feb-16,439.16
28-Feb-16,434.47
27-Feb-16,434.21
26-Feb-16,435.31
25-Feb-16,424.88
24-Feb-16,426.36
23-Feb-16,421.13
22-Feb-16,440.27
21-Feb-16,440.48
20-Feb-16,438.7
19-Feb-16,419.99
18-Feb-16,421.5
17-Feb-16,414.86
16-Feb-16,407.27
15-Feb-16,399.9
14-Feb-16,408.3
13-Feb-16,392.99
12-Feb-16,382.98
11-Feb-16,378
10-Feb-16,380.89
09-Feb-16,373.97
08-Feb-16,370.49
07-Feb-16,372.01
06-Feb-16,373.75
05-Feb-16,386.54
04-Feb-16,389.8
03-Feb-16,368.98
02-Feb-16,372.9
01-Feb-16,371.42
31-Jan-16,365.5
30-Jan-16,376.96
29-Jan-16,377.63
28-Jan-16,378.39
27-Jan-16,394.97
26-Jan-16,391.32
25-Jan-16,390.98
24-Jan-16,402.77
23-Jan-16,385.57
22-Jan-16,380.96
21-Jan-16,411
20-Jan-16,419.41
19-Jan-16,378.96
18-Jan-16,387.04
17-Jan-16,382.07
16-Jan-16,388.42
15-Jan-16,358.85
14-Jan-16,429.25
13-Jan-16,431.08
12-Jan-16,432.05
11-Jan-16,449.26
10-Jan-16,449.35
09-Jan-16,449.23
08-Jan-16,454
07-Jan-16,459.05
06-Jan-16,427.99
05-Jan-16,431.84
04-Jan-16,432.9
03-Jan-16,428.66
02-Jan-16,432.7
01-Jan-16,433.98
31-Dec-15,429.02
30-Dec-15,424.7
29-Dec-15,431.85
28-Dec-15,420.24
27-Dec-15,422.37
26-Dec-15,416.51
25-Dec-15,455.47
24-Dec-15,456.13
23-Dec-15,442.62
22-Dec-15,435.65
21-Dec-15,437.93
20-Dec-15,442.62
19-Dec-15,462.46
18-Dec-15,463.52
17-Dec-15,455.84
16-Dec-15,454.95
15-Dec-15,466.5
14-Dec-15,442.59
13-Dec-15,433
12-Dec-15,435.67
11-Dec-15,456.28
10-Dec-15,414.94
09-Dec-15,418.73
08-Dec-15,420.78
07-Dec-15,396.7
06-Dec-15,390.6
05-Dec-15,390
04-Dec-15,363.17
03-Dec-15,360.73
02-Dec-15,359.14
01-Dec-15,362.68
30-Nov-15,376.88
29-Nov-15,373.29
28-Nov-15,358.71
27-Nov-15,358.9
26-Nov-15,353.99
25-Nov-15,329.85
24-Nov-15,320.1
23-Nov-15,323.63
22-Nov-15,324.66
21-Nov-15,327.55
20-Nov-15,322.2
19-Nov-15,326.5
18-Nov-15,335.95
17-Nov-15,336.29
16-Nov-15,332.14
15-Nov-15,321.07
14-Nov-15,333.4
13-Nov-15,338.54
12-Nov-15,336.57
11-Nov-15,314
10-Nov-15,340.2
09-Nov-15,381.01
08-Nov-15,374
07-Nov-15,384.61
06-Nov-15,375.56
05-Nov-15,387.96
04-Nov-15,409.24
03-Nov-15,405.29
02-Nov-15,365
01-Nov-15,330.69
31-Oct-15,316
30-Oct-15,328.19
29-Oct-15,314.88
28-Oct-15,304.5
27-Oct-15,295.17
26-Oct-15,287.22
25-Oct-15,284.79
24-Oct-15,284.19
23-Oct-15,279.21
22-Oct-15,275.83
21-Oct-15,267.8
20-Oct-15,270.97
19-Oct-15,265.05
18-Oct-15,265.04
17-Oct-15,272.94
16-Oct-15,263.47
15-Oct-15,255.19
14-Oct-15,253.54
13-Oct-15,251.25
12-Oct-15,246.09
11-Oct-15,247.92
10-Oct-15,246.01
09-Oct-15,244.82
08-Oct-15,242.97
07-Oct-15,244.2
06-Oct-15,247.36
05-Oct-15,242.01
04-Oct-15,239.5
03-Oct-15,239.79
02-Oct-15,237.86
01-Oct-15,238.48
30-Sep-15,236.49
29-Sep-15,236.8
28-Sep-15,240.43
27-Sep-15,233.37
26-Sep-15,234.63
25-Sep-15,235.26
24-Sep-15,234.65
23-Sep-15,230.54
22-Sep-15,231.27
21-Sep-15,227.22
20-Sep-15,232.12
19-Sep-15,232.09
18-Sep-15,233.78
17-Sep-15,233.61
16-Sep-15,228.99
15-Sep-15,230.93
14-Sep-15,230.89
13-Sep-15,230.96
12-Sep-15,235.77
11-Sep-15,240.6
10-Sep-15,239.49
09-Sep-15,238.95
08-Sep-15,244.2
07-Sep-15,240.85
06-Sep-15,240.97
05-Sep-15,235.84
04-Sep-15,230.89
03-Sep-15,227.25
02-Sep-15,229.71
01-Sep-15,228.24
31-Aug-15,231.35
30-Aug-15,229.99
29-Aug-15,230.75
28-Aug-15,231.83
27-Aug-15,225.8
26-Aug-15,226.21
25-Aug-15,222.66
24-Aug-15,210.5
23-Aug-15,228.53
22-Aug-15,230.27
21-Aug-15,232.17
20-Aug-15,235.54
19-Aug-15,226.24
18-Aug-15,183.01
17-Aug-15,258.49
16-Aug-15,259.9
15-Aug-15,262.14
14-Aug-15,266.09
13-Aug-15,264.47
12-Aug-15,267.09
11-Aug-15,271.96
10-Aug-15,265.1
09-Aug-15,265.58
08-Aug-15,261.34
07-Aug-15,280.12
06-Aug-15,279.08
05-Aug-15,282.61
04-Aug-15,285.47
03-Aug-15,281.27
02-Aug-15,282.49
01-Aug-15,280.33
31-Jul-15,284.45
30-Jul-15,288.21
29-Jul-15,289.92
28-Jul-15,295.23
27-Jul-15,294.84
26-Jul-15,293.01
25-Jul-15,289.36
24-Jul-15,288.6
23-Jul-15,276.51
22-Jul-15,277.99
21-Jul-15,275.78
20-Jul-15,280.31
19-Jul-15,275.03
18-Jul-15,277.25
17-Jul-15,279.85
16-Jul-15,278.93
15-Jul-15,285.44
14-Jul-15,286.87
13-Jul-15,292.65
12-Jul-15,311.12
10-Jul-15,286.7
09-Jul-15,269.22
08-Jul-15,270.83
07-Jul-15,265.51
06-Jul-15,274.83
05-Jul-15,265.2
04-Jul-15,260.58
03-Jul-15,256.05
02-Jul-15,254.52
01-Jul-15,258.1
30-Jun-15,262.89
29-Jun-15,256.69
28-Jun-15,248.72
27-Jun-15,251.61
26-Jun-15,243.29
25-Jun-15,242.05
24-Jun-15,239.8
23-Jun-15,244.25
22-Jun-15,246.67
21-Jun-15,244.25
20-Jun-15,245.38
19-Jun-15,244.58
18-Jun-15,249.51
17-Jun-15,248.95
16-Jun-15,252.08
15-Jun-15,236.98
14-Jun-15,233.54
13-Jun-15,232.87
12-Jun-15,229.44
11-Jun-15,229.82
10-Jun-15,228.6
09-Jun-15,229.05
08-Jun-15,228.76
07-Jun-15,223.26
06-Jun-15,225.65
05-Jun-15,224.51
04-Jun-15,223.24
03-Jun-15,225.11
02-Jun-15,224.68
01-Jun-15,222
31-May-15,228.7
30-May-15,232.54
29-May-15,236.52
28-May-15,236.86
27-May-15,236.85
26-May-15,237.36
25-May-15,237.1
24-May-15,240.95
23-May-15,238.81
22-May-15,240.97
21-May-15,235.27
20-May-15,234.24
19-May-15,231.7
18-May-15,232.82
17-May-15,236.22
16-May-15,235.7
15-May-15,237.3
14-May-15,236.68
13-May-15,235.8
12-May-15,241.78
11-May-15,242.47
10-May-15,240.57
09-May-15,242.54
08-May-15,244.5
07-May-15,237.29
06-May-15,229.27
05-May-15,235.87
04-May-15,238.54
03-May-15,240.7
02-May-15,234.81
01-May-15,231.78
30-Apr-15,236.11
29-Apr-15,225.23
28-Apr-15,225.3
27-Apr-15,227.68
26-Apr-15,219.7
25-Apr-15,226.1
24-Apr-15,231.38
23-Apr-15,236.01
22-Apr-15,234.14
21-Apr-15,235.8
20-Apr-15,224.21
19-Apr-15,222.21
18-Apr-15,223.08
17-Apr-15,222.4
16-Apr-15,228.47
15-Apr-15,223.98
14-Apr-15,220.19
13-Apr-15,225
12-Apr-15,236.38
11-Apr-15,236.86
10-Apr-15,236.12
09-Apr-15,243.58
08-Apr-15,244.92
07-Apr-15,253.71
06-Apr-15,255.61
05-Apr-15,260.5
04-Apr-15,253.6
03-Apr-15,254.23
02-Apr-15,253.23
01-Apr-15,246.93
31-Mar-15,244.33
30-Mar-15,247.93
29-Mar-15,242.44
28-Mar-15,252.95
27-Mar-15,246.5
26-Mar-15,249.19
25-Mar-15,245.92
24-Mar-15,246
23-Mar-15,267.23
22-Mar-15,268.82
21-Mar-15,260.47
20-Mar-15,262.19
19-Mar-15,261.86
18-Mar-15,257.3
17-Mar-15,285.25
16-Mar-15,291.22
15-Mar-15,286.9
14-Mar-15,282.6
13-Mar-15,283.28
12-Mar-15,295.56
11-Mar-15,296.7
10-Mar-15,292.7
09-Mar-15,291.03
08-Mar-15,275.59
07-Mar-15,276.97
06-Mar-15,273.2
05-Mar-15,277.69
04-Mar-15,273.33
03-Mar-15,283.75
02-Mar-15,277.3
01-Mar-15,262.4
28-Feb-15,255.7
27-Feb-15,254.96
26-Feb-15,236.93
25-Feb-15,237.99
24-Feb-15,239.73
23-Feb-15,239.4
22-Feb-15,236.5
21-Feb-15,245.55
20-Feb-15,244.5
19-Feb-15,240.2
18-Feb-15,236.3
17-Feb-15,244
16-Feb-15,233.6
15-Feb-15,235.88
14-Feb-15,257.2
13-Feb-15,236.06
12-Feb-15,222.37
11-Feb-15,219.79
10-Feb-15,220.87
09-Feb-15,221.1
08-Feb-15,223.99
07-Feb-15,229
06-Feb-15,223.2
05-Feb-15,216.76
04-Feb-15,227.11
03-Feb-15,228.58
02-Feb-15,237.83
01-Feb-15,228.99
31-Jan-15,218.45
30-Jan-15,229.07
29-Jan-15,235.03
28-Jan-15,236.09
27-Jan-15,263.65
26-Jan-15,274.48
25-Jan-15,254.53
24-Jan-15,240
23-Jan-15,235
22-Jan-15,226.32
21-Jan-15,225.51
20-Jan-15,218
19-Jan-15,213.21
18-Jan-15,209.85
17-Jan-15,201.23
16-Jan-15,206.68
15-Jan-15,217.72
14-Jan-15,183.16
13-Jan-15,229.84
12-Jan-15,267.62
11-Jan-15,266.19
10-Jan-15,275.04
09-Jan-15,292.83
08-Jan-15,285.64
07-Jan-15,297
06-Jan-15,285.39
05-Jan-15,273.2
04-Jan-15,258.78
03-Jan-15,281.99
02-Jan-15,315.11
01-Jan-15,313.85
31-Dec-14,317
30-Dec-14,308.79
29-Dec-14,311.92
28-Dec-14,317.53
27-Dec-14,315.91
26-Dec-14,328.49
25-Dec-14,319
24-Dec-14,322.79
23-Dec-14,332.91
22-Dec-14,329.02
21-Dec-14,317.21
20-Dec-14,329.07
19-Dec-14,315.74
18-Dec-14,308.26
17-Dec-14,318.19
16-Dec-14,330.61
15-Dec-14,347.19
14-Dec-14,352.67
13-Dec-14,350.88
12-Dec-14,352.84
11-Dec-14,350.04
10-Dec-14,346.92
09-Dec-14,353.85
08-Dec-14,363.31
07-Dec-14,374.43
06-Dec-14,372.77
05-Dec-14,378.39
04-Dec-14,370.26
03-Dec-14,375.74
02-Dec-14,382.01
01-Dec-14,377.6
30-Nov-14,376.72
29-Nov-14,374.49
28-Nov-14,375.57
27-Nov-14,369.57
26-Nov-14,367.87
25-Nov-14,375.82
24-Nov-14,373.15
23-Nov-14,360.57
22-Nov-14,346.35
21-Nov-14,349.33
20-Nov-14,355.88
19-Nov-14,379.16
18-Nov-14,370
17-Nov-14,387.56
16-Nov-14,388.21
15-Nov-14,376.51
14-Nov-14,399.07
13-Nov-14,419.42
12-Nov-14,417.87
11-Nov-14,367
10-Nov-14,367.97
09-Nov-14,360
08-Nov-14,344.99
07-Nov-14,341.5
06-Nov-14,348.5
05-Nov-14,337.55
04-Nov-14,326.9
03-Nov-14,323.56
02-Nov-14,322.5
01-Nov-14,327.18
31-Oct-14,337
30-Oct-14,343.85
29-Oct-14,333.2
28-Oct-14,353.1
27-Oct-14,350.65
26-Oct-14,349.99
25-Oct-14,347.41
24-Oct-14,356.15
23-Oct-14,355.98
22-Oct-14,379.96
21-Oct-14,382.84
20-Oct-14,380.98
19-Oct-14,386.25
18-Oct-14,390
17-Oct-14,380.25
16-Oct-14,379.29
15-Oct-14,393.46
14-Oct-14,397.94
13-Oct-14,383.35
12-Oct-14,372.03
11-Oct-14,361.27
10-Oct-14,359.51
09-Oct-14,363.45
08-Oct-14,350.04
07-Oct-14,330.97
06-Oct-14,323.84
05-Oct-14,322.45
04-Oct-14,328.66
03-Oct-14,357.69
02-Oct-14,371.74
01-Oct-14,383
30-Sep-14,387.14
29-Sep-14,369.6
28-Sep-14,374.71
27-Sep-14,397.25
26-Sep-14,402.97
25-Sep-14,409.09
24-Sep-14,420.41
23-Sep-14,429.13
22-Sep-14,397.67
21-Sep-14,400.69
20-Sep-14,411.59
19-Sep-14,395.27
18-Sep-14,427.18
17-Sep-14,456.77
16-Sep-14,465.13
15-Sep-14,469.9
14-Sep-14,476.49
13-Sep-14,478.1
12-Sep-14,471.81
11-Sep-14,477.09
10-Sep-14,477.33
09-Sep-14,472.66
08-Sep-14,470.43
07-Sep-14,479.73
06-Sep-14,481.32
05-Sep-14,477.59
04-Sep-14,489.2
03-Sep-14,474.04
02-Sep-14,476.79
01-Sep-14,485.83
31-Aug-14,483.37
30-Aug-14,499
29-Aug-14,507.52
28-Aug-14,507.75
27-Aug-14,510.99
26-Aug-14,508.43
25-Aug-14,502.5
24-Aug-14,507.3
23-Aug-14,500.15
22-Aug-14,515.57
21-Aug-14,515.87
20-Aug-14,516.98
19-Aug-14,490.3
18-Aug-14,478.2
17-Aug-14,501.32
16-Aug-14,527.17
15-Aug-14,506.23
14-Aug-14,510
13-Aug-14,549
12-Aug-14,566
11-Aug-14,572.5
10-Aug-14,580
09-Aug-14,583.3
08-Aug-14,586.41
07-Aug-14,582.25
06-Aug-14,577.5
05-Aug-14,574.95
04-Aug-14,581.11
03-Aug-14,582.06
02-Aug-14,587.75
01-Aug-14,594.92
31-Jul-14,579.04
30-Jul-14,551
29-Jul-14,575
28-Jul-14,586.38
27-Jul-14,590.5
26-Jul-14,594
25-Jul-14,598
24-Jul-14,600.31
23-Jul-14,617.21
22-Jul-14,612.59
21-Jul-14,619.79
20-Jul-14,618.91
19-Jul-14,625.25
18-Jul-14,627.46
17-Jul-14,627.6
16-Jul-14,621.04
15-Jul-14,620.87
14-Jul-14,622.4
13-Jul-14,624
12-Jul-14,626
11-Jul-14,625.5
10-Jul-14,610
09-Jul-14,620.24
08-Jul-14,618.5
07-Jul-14,624
06-Jul-14,633.25
05-Jul-14,630
04-Jul-14,632.24
03-Jul-14,643.62
02-Jul-14,647.9
01-Jul-14,650.77
30-Jun-14,640.01
29-Jun-14,603.65
28-Jun-14,600.1
27-Jun-14,606.18
26-Jun-14,577.9
25-Jun-14,568.07
24-Jun-14,587.28
23-Jun-14,599.25
22-Jun-14,607.8
21-Jun-14,601.61
20-Jun-14,601
19-Jun-14,602
18-Jun-14,611.5
17-Jun-14,614.25
16-Jun-14,580
15-Jun-14,571
14-Jun-14,554.37
13-Jun-14,582.59
12-Jun-14,590.01
11-Jun-14,637.1
10-Jun-14,653.64
09-Jun-14,653.73
08-Jun-14,662.35
07-Jun-14,663
06-Jun-14,655
05-Jun-14,663.25
04-Jun-14,652.29
03-Jun-14,682.88
02-Jun-14,669.5
01-Jun-14,646.5
31-May-14,635.6
30-May-14,629
29-May-14,572.99
28-May-14,577.01
27-May-14,570
26-May-14,575
25-May-14,566.15
24-May-14,502.3
23-May-14,509.55
22-May-14,502.3
21-May-14,477.65
20-May-14,475.95
19-May-14,438.97
18-May-14,438.75
17-May-14,441.97
16-May-14,442.28
15-May-14,441.99
14-May-14,444
13-May-14,437.25
12-May-14,440
11-May-14,432
10-May-14,451.1
09-May-14,446
08-May-14,442.8
07-May-14,438
06-May-14,430
05-May-14,427.01
04-May-14,430.87
03-May-14,440.54
02-May-14,453.5
01-May-14,459
30-Apr-14,448.27
29-Apr-14,434
28-Apr-14,448
27-Apr-14,441.45
26-Apr-14,459
25-Apr-14,460
24-Apr-14,497.5
23-Apr-14,490.21
22-Apr-14,488
21-Apr-14,497
20-Apr-14,512.45
19-Apr-14,505
18-Apr-14,490.54
17-Apr-14,500.71
16-Apr-14,522.25
15-Apr-14,515
14-Apr-14,459
13-Apr-14,404.22
12-Apr-14,415
11-Apr-14,416.26
10-Apr-14,370
09-Apr-14,442.5
08-Apr-14,448.75
07-Apr-14,454.2
06-Apr-14,453.69
05-Apr-14,460.8
04-Apr-14,449.99
03-Apr-14,448.78
02-Apr-14,443.33
01-Apr-14,482.83
31-Mar-14,452
30-Mar-14,464.1
29-Mar-14,491.92
28-Mar-14,497.44
27-Mar-14,498.53
26-Mar-14,595
25-Mar-14,582.01
24-Mar-14,590
23-Mar-14,566.2
22-Mar-14,560
21-Mar-14,568.8
20-Mar-14,583.48
19-Mar-14,611
18-Mar-14,618.37
17-Mar-14,624.33
16-Mar-14,635.01
15-Mar-14,641.64
14-Mar-14,630
13-Mar-14,641.99
12-Mar-14,650
11-Mar-14,615
10-Mar-14,615
09-Mar-14,621
08-Mar-14,614.14
07-Mar-14,621
06-Mar-14,663
05-Mar-14,675
04-Mar-14,668
03-Mar-14,658
02-Mar-14,560.62
01-Mar-14,568.21
28-Feb-14,565
27-Feb-14,579
26-Feb-14,582
25-Feb-14,515
24-Feb-14,562.43
23-Feb-14,619
22-Feb-14,595.22
21-Feb-14,568
20-Feb-14,578.88
19-Feb-14,630.41
18-Feb-14,628
17-Feb-14,663.85
16-Feb-14,608
15-Feb-14,653.38
14-Feb-14,682
13-Feb-14,634.26
12-Feb-14,685
11-Feb-14,658.87
10-Feb-14,706.32
09-Feb-14,710
08-Feb-14,690
07-Feb-14,720
06-Feb-14,771.55
05-Feb-14,791
04-Feb-14,813
03-Feb-14,810
01-Feb-14,814.65
31-Jan-14,800
30-Jan-14,803.95
29-Jan-14,800
28-Jan-14,795
27-Jan-14,760.29
26-Jan-14,809.65
25-Jan-14,810
24-Jan-14,781.87
23-Jan-14,816.21
22-Jan-14,807
21-Jan-14,810
20-Jan-14,823.35
19-Jan-14,830
18-Jan-14,800
17-Jan-14,789
16-Jan-14,824
15-Jan-14,839.73
14-Jan-14,826.85
13-Jan-14,818.4
12-Jan-14,888.1
11-Jan-14,896.88
10-Jan-14,834.75
09-Jan-14,850
08-Jan-14,828.54
07-Jan-14,791
06-Jan-14,934.55
05-Jan-14,904
04-Jan-14,801.84
03-Jan-14,812.05
02-Jan-14,775
01-Jan-14,740.3
31-Dec-13,727.71
30-Dec-13,737.24
29-Dec-13,714.29
28-Dec-13,701
27-Dec-13,718.89
26-Dec-13,740
24-Dec-13,647.33
23-Dec-13,640.37
22-Dec-13,622.1
21-Dec-13,607.68
20-Dec-13,599
19-Dec-13,702.03
18-Dec-13,551.38
17-Dec-13,731.94
16-Dec-13,704.77
15-Dec-13,864.87
14-Dec-13,897.95
13-Dec-13,912.55
12-Dec-13,900.53
11-Dec-13,921.78
10-Dec-13,1023
09-Dec-13,935.79
08-Dec-13,730
07-Dec-13,800.57
06-Dec-13,872.56
05-Dec-13,1030.58
04-Dec-13,1145
03-Dec-13,1047.98
02-Dec-13,998.07
01-Dec-13,955
30-Nov-13,1112.35
29-Nov-13,1107.51
28-Nov-13,1010
27-Nov-13,948
26-Nov-13,849.57
25-Nov-13,782.77
24-Nov-13,813.72
23-Nov-13,842.2
22-Nov-13,760
21-Nov-13,700
20-Nov-13,550
19-Nov-13,599
18-Nov-13,585.16
17-Nov-13,473.27
16-Nov-13,435.27
15-Nov-13,400
14-Nov-13,418
13-Nov-13,387.73
12-Nov-13,350.16
11-Nov-13,338.57
10-Nov-13,311.9
09-Nov-13,336.14
08-Nov-13,323.77
07-Nov-13,283.3
06-Nov-13,253.69
05-Nov-13,239.29
04-Nov-13,225.2
03-Nov-13,207.63
02-Nov-13,200.85
01-Nov-13,198.51
31-Oct-13,198.23
30-Oct-13,194.55
29-Oct-13,198.19
28-Oct-13,187.87
27-Oct-13,185.69
26-Oct-13,175.9
25-Oct-13,178.12
24-Oct-13,183.15
23-Oct-13,200.62
22-Oct-13,183.86
21-Oct-13,174.18
20-Oct-13,163.06
19-Oct-13,159.81
18-Oct-13,149.59
17-Oct-13,142.73
16-Oct-13,137.42
15-Oct-13,138.64
14-Oct-13,133.04
13-Oct-13,130.42
12-Oct-13,126.52
11-Oct-13,125.51
10-Oct-13,125.7
09-Oct-13,125.84
08-Oct-13,124.32
07-Oct-13,123.24
06-Oct-13,121.68
05-Oct-13,121.14
04-Oct-13,121.29
03-Oct-13,116.82
02-Oct-13,99.81
01-Oct-13,125.49
30-Sep-13,123.1
29-Sep-13,125.18
28-Sep-13,124.75
27-Sep-13,123.5
26-Sep-13,123.48
25-Sep-13,123.42
24-Sep-13,122.54
23-Sep-13,122.22
22-Sep-13,122.65
21-Sep-13,122.64
20-Sep-13,122.9
19-Sep-13,124.19
18-Sep-13,126.3
17-Sep-13,125.97
16-Sep-13,125.06
15-Sep-13,124.58
14-Sep-13,124.08
13-Sep-13,126.51
12-Sep-13,125.76
11-Sep-13,125.45
10-Sep-13,121.46
09-Sep-13,120.02
08-Sep-13,116.59
07-Sep-13,119.05
06-Sep-13,116.32
05-Sep-13,120.53
04-Sep-13,120.57
03-Sep-13,127.59
02-Sep-13,127.36
01-Sep-13,128.26
31-Aug-13,129.46
30-Aug-13,123.23
29-Aug-13,117.52
28-Aug-13,117.59
27-Aug-13,117.45
26-Aug-13,112.23
25-Aug-13,111.79
24-Aug-13,108.69
23-Aug-13,107.55
22-Aug-13,109.73
21-Aug-13,111.44
20-Aug-13,105.01
19-Aug-13,102.3
18-Aug-13,98.84
17-Aug-13,99.56
16-Aug-13,98.33
15-Aug-13,97.54
14-Aug-13,97.96
13-Aug-13,97.9
12-Aug-13,95.08
11-Aug-13,94.16
10-Aug-13,93.29
09-Aug-13,93.36
08-Aug-13,94.77
07-Aug-13,96.92
06-Aug-13,97.13
05-Aug-13,96.92
04-Aug-13,96.6
03-Aug-13,96.66
02-Aug-13,97.24
01-Aug-13,96.42
31-Jul-13,97.91
30-Jul-13,96.31
29-Jul-13,93.3
28-Jul-13,92.1
27-Jul-13,89.1
26-Jul-13,90.63
25-Jul-13,89.41
24-Jul-13,87.46
23-Jul-13,86.94
22-Jul-13,86.09
21-Jul-13,85.47
20-Jul-13,85.67
19-Jul-13,85.78
18-Jul-13,85.43
17-Jul-13,90.54
16-Jul-13,92.74
15-Jul-13,93.14
14-Jul-13,90.37
13-Jul-13,91.39
12-Jul-13,88.46
11-Jul-13,91.22
10-Jul-13,84.51
09-Jul-13,74.22
08-Jul-13,74.56
07-Jul-13,72.51
06-Jul-13,66.85
05-Jul-13,66.34
04-Jul-13,77.68
03-Jul-13,76.89
02-Jul-13,87.66
01-Jul-13,84.61
30-Jun-13,97.51
29-Jun-13,95
28-Jun-13,94.66
27-Jun-13,101.74
26-Jun-13,104
25-Jun-13,103.33
24-Jun-13,102.09
23-Jun-13,107.9
22-Jun-13,108.2
21-Jun-13,109.5
20-Jun-13,111.29
19-Jun-13,108.25
18-Jun-13,107.35
17-Jun-13,101.95
16-Jun-13,99.9
15-Jun-13,99.8
14-Jun-13,100
13-Jun-13,103.95
12-Jun-13,108.78
11-Jun-13,109
10-Jun-13,106.35
09-Jun-13,100.44
08-Jun-13,107.89
07-Jun-13,111
06-Jun-13,118.97
05-Jun-13,121.9
04-Jun-13,121.4
03-Jun-13,120.74
02-Jun-13,122.5
01-Jun-13,129.3
31-May-13,128.82
30-May-13,128.8
29-May-13,132.25
28-May-13,129
27-May-13,129.77
26-May-13,133.5
25-May-13,131.99
24-May-13,133.1
23-May-13,126.3
22-May-13,123.8
21-May-13,122.89
20-May-13,122.02
19-May-13,122.5
18-May-13,123.21
17-May-13,123.5
16-May-13,118.21
15-May-13,114.22
14-May-13,111.4
13-May-13,117.98
12-May-13,114.82
11-May-13,115.64
10-May-13,117.7
09-May-13,112.8
08-May-13,113.2
07-May-13,109.6
06-May-13,112.25
05-May-13,115.98
04-May-13,112.9
03-May-13,98.1
02-May-13,106.25
01-May-13,116.38
30-Apr-13,139.23
29-Apr-13,144
28-Apr-13,134.44
27-Apr-13,128
26-Apr-13,136.9
25-Apr-13,141.71
24-Apr-13,154.2
23-Apr-13,143.47
22-Apr-13,127.4
21-Apr-13,119.2
20-Apr-13,126.62
19-Apr-13,118.48
18-Apr-13,109.01
17-Apr-13,93.07
16-Apr-13,68.36
15-Apr-13,82.39
14-Apr-13,90
13-Apr-13,93
12-Apr-13,117
11-Apr-13,124.9
10-Apr-13,165
09-Apr-13,230
08-Apr-13,187.5
07-Apr-13,162.3
06-Apr-13,142.63
05-Apr-13,142.32
04-Apr-13,132.12
03-Apr-13,135
02-Apr-13,117.98
01-Apr-13,104
31-Mar-13,93.03
30-Mar-13,92.19
29-Mar-13,90.5
28-Mar-13,86.18
27-Mar-13,88.92
26-Mar-13,78.5
25-Mar-13,73.6
24-Mar-13,71.5
23-Mar-13,64.35
22-Mar-13,69.86
21-Mar-13,70.85
20-Mar-13,64.49
19-Mar-13,59.14
18-Mar-13,51.6
17-Mar-13,47.4
16-Mar-13,47
15-Mar-13,46.95
14-Mar-13,47.17
13-Mar-13,46.92
12-Mar-13,44.29
11-Mar-13,48.4
10-Mar-13,46
09-Mar-13,46.85
08-Mar-13,44.18
07-Mar-13,42
06-Mar-13,41.02
05-Mar-13,40.33
04-Mar-13,36.15
03-Mar-13,34.5
02-Mar-13,34.25
01-Mar-13,34.5
28-Feb-13,33.38
27-Feb-13,30.9
26-Feb-13,31.1
25-Feb-13,30.4
24-Feb-13,29.89
23-Feb-13,29.8
22-Feb-13,30.25
21-Feb-13,29.75
20-Feb-13,29.64
19-Feb-13,29.42
18-Feb-13,26.95
17-Feb-13,26.81
16-Feb-13,27.22
15-Feb-13,27.1
14-Feb-13,27.22
13-Feb-13,24.2
12-Feb-13,25.17
11-Feb-13,24.65
10-Feb-13,23.97
09-Feb-13,23.65
08-Feb-13,22.66
07-Feb-13,22.15
06-Feb-13,21.18
05-Feb-13,20.6
04-Feb-13,20.43
03-Feb-13,20.59
02-Feb-13,19.63
01-Feb-13,20.5
31-Jan-13,20.41
30-Jan-13,19.7
29-Jan-13,19.53
28-Jan-13,18.72
27-Jan-13,17.82
26-Jan-13,17.88
25-Jan-13,17.4
24-Jan-13,16.9
23-Jan-13,17.5
22-Jan-13,17.26
21-Jan-13,16.8
20-Jan-13,15.7
19-Jan-13,15.61
18-Jan-13,15.7
17-Jan-13,15.5
16-Jan-13,14.73
15-Jan-13,14.25
14-Jan-13,14.3
13-Jan-13,14.12
12-Jan-13,14.24
11-Jan-13,14.14
10-Jan-13,14.14
09-Jan-13,13.77
08-Jan-13,13.74
07-Jan-13,13.59
06-Jan-13,13.45
05-Jan-13,13.44
04-Jan-13,13.5
03-Jan-13,13.4
02-Jan-13,13.28
01-Jan-13,13.3
